{
    "1": {
        "name": "Ferris Argyle",
        "origin": "Re: Zero",
        "image": "https://vignette.wikia.nocookie.net/rezero/images/d/db/Ferris_Anime.png/revision/latest?cb=20160619183805"
    },

    "2": {
        "name": "Astolfo",
        "origin": "Fate/Apocrypha",
        "image": "http://pm1.narvii.com/6520/1df063598942384dcc636950042cbabb94545531_hq.jpg"
    },

    "3": {
        "name": "Satania Kurumizawa McDowell",
        "origin": "Gabriel Dropout",
        "image": "https://pm1.narvii.com/6362/fc4bd6a4bd6fdc89bc59c5117a37eb65e072281e_hq.jpg"
    },

    "4": {
        "name": "Tsuyu Asui",
        "origin": "My Hero Academia",
        "image": "https://i.pinimg.com/736x/ed/87/2b/ed872b7c04e8cd6531f3895832e5c923--cute-cute-my-hero-academia.jpg"
    },

    "5": {
        "name": "Momo Yaoyorozu",
        "origin": "My Hero Academia",
        "image": "https://i.pinimg.com/236x/b8/d4/e6/b8d4e629c1de62ee28df2eb5cf83040e--momo-yaoyorozu-coloring.jpg"
    },

    "6": {
        "name": "Touka Kirishima",
        "origin": "Tokyo Ghoul",
        "image": "https://orig00.deviantart.net/deec/f/2014/253/5/2/touka_by_thezealotnightmare-d7yoj2r.png"
    },

    "7": {
        "name": "Shinon Asada",
        "origin": "SAO II",
        "image": "https://pbs.twimg.com/profile_images/488881685656657920/BH_FL36R.jpeg"
    },

    "8": {
        "name": "Megumin Konosuba",
        "origin": "KonoSuba",
        "image": "http://megumin.pw/wp-content/uploads/2017/03/Megumin-075.jpg"
    },

    "9": {
        "name": "Rem",
        "origin": "Re: Zero",
        "image": "https://vignette.wikia.nocookie.net/rezero/images/0/02/Rem_Anime.png/revision/latest?cb=20160730213532"
    },

    "10": {
        "name": "Minene Uryuu",
        "origin": "Mirai Nikki",
        "image": "https://static.zerochan.net/Uryuu.Minene.full.1064884.jpg"
    },

    "11": {
        "name": "Neferpitou (Pitou)",
        "origin": "Hunter x Hunter",
        "image": "https://2static2.fjcdn.com/comments/If+thats+what+youre+into+_e1809afa125cac2de2ed41158e2de37b.jpg"
    },

    "12": {
        "name": "Tsubasa Hanekawa",
        "origin": "Bakemonogatari",
        "image": "http://pm1.narvii.com/6319/fb3d27f9b46ab2863b7a75d6d38605903bad056c_hq.jpg"
    },

    "13": {
        "name": "Shinobu Oshino",
        "origin": "Bakemonogatari",
        "image": "https://myanimelist.cdn-dena.com/images/characters/16/234167.jpg"
    },

    "14": {
        "name": "Yame Yukana",
        "origin": "Hajimete no Gal",
        "image": "https://68.media.tumblr.com/fede9149b2dc32afdced82bf60fcb6da/tumblr_otqciac3Bf1tjh5d1o1_500.png"
    },

    "15": {
        "name": "Leticia Draculea",
        "origin": "Mondaiji",
        "image": "http://vignette4.wikia.nocookie.net/mondaiji-tachi-ga-isekai-kara-kuru-s-desu-yo/images/7/7d/Leticia_Draculair.jpg/revision/latest?cb=20130219224015"
    },

    "16": {
        "name": "Lily Shirogane",
        "origin": "Aitatsu Stars!",
        "image": "https://i.pinimg.com/736x/e8/d1/3a/e8d13aa011a1af9d542381ce8a48f2ef.jpg"
    },

    "17": {
        "name": "Chelsea",
        "origin": "Akame ga Kill!",
        "image": "http://vignette1.wikia.nocookie.net/akame-ga-kill/images/d/da/Chelsea.jpg/revision/latest?cb=20150111121125&path-prefix=fr"
    },

    "18": {
        "name": "Chitoge",
        "origin": "Nisekoipedia",
        "image": "https://vignette.wikia.nocookie.net/nisekoi/images/c/c6/Chitoge-nisekoi.png/revision/latest?cb=20150603043239"
    },

    "19": {
        "name": "Rin",
        "origin": "Shelter",
        "image": "https://img00.deviantart.net/ede6/i/2016/298/3/8/rin_from_shelter_fanart_by_chocoreo_1-dam9o3y.jpg"
    },

    "20": {
        "name": "Maria Cadenzavna Eve",
        "origin": "Symphogear",
        "image": "https://vignette.wikia.nocookie.net/senkizesshousymphogear/images/e/e9/Maria_Cadenzavna_Eve_Smphogear_GX.png/revision/latest/top-crop/width/240/height/240?cb=20150629113648"
    },

    "21": {
        "name": "Asuka Kurashina",
        "origin": "Aokana: Four Rhythm Across the Blue",
        "image": "https://mywaifulist.s3-us-west-1.amazonaws.com/waifus/942/8add99502b0656c338ccb67273522bce917dce83e805f52993ce85109febea22.jpeg"
    },

    "22": {
        "name": "Gabriel Tenma",
        "origin": "Gabriel Dropout",
        "image": "http://jonvilma.com/images/gabriel-dropout-6.jpg"
    },

    "23": {
        "name": "Yoko Littner",
        "origin": "Gurren Lagann",
        "image": "http://pm1.narvii.com/5840/27d2c7e2012a1f619413ed829ca8204aedcfe3a2_hq.jpg"
    },

    "24": {
        "name": "Shirayuki",
        "origin": "Snow White with the Red Hair",
        "image": "https://mywaifulist.s3-us-west-1.amazonaws.com/waifus/109/63dbadc1a732d1f42db0768334ff4ca05ea587248639953ebfa0c0ba214ec22f.jpeg"
    },

    "25": {
        "name": "Black Rabbit",
        "origin": "Mondaiji",
        "image": "https://mywaifulist.s3-us-west-1.amazonaws.com/waifus/1698/2460b7d529a9e7b6dea8516be65d9162307166c7fdfe7dd59a9077d0b73c67c8.png"
    },

    "26": {
        "name": "Athena Cykes",
        "origin": "Ace Attourny",
        "image": "https://mywaifulist.s3-us-west-1.amazonaws.com/waifus/1544/a2bf0052737f44808b749629de49383abc549a3f131f61d418537d16c3050fe8.jpeg"
    },

    "27": {
        "name": "Yae Kugayama",
        "origin": "Girlish Number",
        "image": "https://mywaifulist.s3-us-west-1.amazonaws.com/waifus/4502/0e54070a56fe6381aceaed27c8575cc8f1e33d243be5d26bfcf4e136c2ae1d75.jpeg"
    },

    "28": {
        "name": "Mikan Irako",
        "origin": "High School Fleet",
        "image": "https://mywaifulist.s3-us-west-1.amazonaws.com/waifus/6813/ba4ea102c92bc1d9e6434c5b147770a9fe93e22326cb263d94591aff337e8181.jpeg"
    },

    "29": {
        "name": "Velvet Crowe",
        "origin": "Tales of Berseria",
        "image": "https://mywaifulist.s3-us-west-1.amazonaws.com/waifus/1537/ec7c46ce653f101c7a280f2600b936eb30046745ce8b278c3699e32a87a54172.jpeg"
    },

    "30": {
        "name": "Fumi Kujou",
        "origin": "Jinsei",
        "image": "https://mywaifulist.s3-us-west-1.amazonaws.com/waifus/5600/0e4d4bec5ab71f94903f1fe0963fa3b11ceaff3216678d6246a0cf2f5ac49d76.jpeg"
    },

    "31": {
        "name": "Mahiru Hiiragi",
        "origin": "Owari no Seraph",
        "image": "https://mywaifulist.s3-us-west-1.amazonaws.com/waifus/6447/d954aebaa6301839756a4d21561034a577651fb8b55a6a05407cb468707b765c.jpeg"
    },

    "32": {
        "name": "Amanda O'Neill ",
        "origin": "Little Witch Academia",
        "image": "https://mywaifulist.s3-us-west-1.amazonaws.com/waifus/1245/47801b270c27d25dddba458cb1992bc4774a66859712d3f11b5c8696339fa6b4.png"
    },

    "33": {
        "name": "Plutia",
        "origin": "Hyperdimension Neptunia",
        "image": "https://mywaifulist.s3-us-west-1.amazonaws.com/waifus/352/0a0fbaa6993b3d1b07446614b5617a7f404096197a89d6ac38758ca79b95d921.png"
    },

    "34": {
        "name": "Gaen Izuko",
        "origin": "Monogatari",
        "image": "https://mywaifulist.s3-us-west-1.amazonaws.com/waifus/1187/3d16752f37b5aa60a8b6488b760e4a11e0817f05b195873dd39be573edd0ca73.jpeg"
    },

    "35": {
        "name": "Aguri",
        "origin": "Gamers!",
        "image": "https://myanimelist.cdn-dena.com/images/characters/7/330153.jpg"
    },

    "36": {
        "name": "Shiro",
        "origin": "No Game no Life",
        "image": "https://vignette.wikia.nocookie.net/no-game-no-life/images/0/09/Shiro.png/revision/latest/scale-to-width-down/350?cb=20170323163115"
    },

    "37": {
        "name": "Masuzu Natsukawa",
        "origin": "Oreshura",
        "image": "https://s-media-cache-ak0.pinimg.com/originals/c4/4d/2f/c44d2f7b7cc8110d249ee9d65b7b6897.jpg"
    },

    "38": {
        "name": "Akatsuki",
        "origin": "Log Horizon",
        "image": "https://mywaifulist.s3-us-west-1.amazonaws.com/waifus/530/8a883f8d701e52e60db688d3f24655d76f1aa334088368aaf4998c90b3aec76a.jpeg"
    },

    "39": {
        "name": "Chiza Yukizome",
        "origin": "Danganronpa",
        "image": "https://mywaifulist.s3-us-west-1.amazonaws.com/waifus/662/ced9dd74a274ed7a3f5ba87012716b2d5f24144866f3a0a52ec29efc44ad8884.jpeg"
    },

    "40": {
        "name": "Junko Enoshima",
        "origin": "Danganronpa",
        "image": "https://i.ytimg.com/vi/SDIDtTJ0LRQ/maxresdefault.jpg"
    },

    "41": {
        "name": "Nona",
        "origin": "Death Parade",
        "image": "https://mywaifulist.s3-us-west-1.amazonaws.com/waifus/970/ab02c0e736e3dec0e484602c3943548a219bd727aed6875d40ba1c040e43a463.jpeg"
    },

    "42": {
        "name": "Airi Yuunami",
        "origin": "Qualidea Code",
        "image": "https://mywaifulist.s3-us-west-1.amazonaws.com/waifus/3290/41ebfbf5ea4cf1132360b3ae82a5d26a766d70b615da29f410f9dac749183a0e.jpeg"
    },

    "43": {
        "name": "Chris Yukine",
        "origin": "Symphogear",
        "image": "https://mywaifulist.s3-us-west-1.amazonaws.com/waifus/819/3832b53fffe3c817e76ca949f1c002ce6eea5023d88cacb6e59dc715a72f8fbf.jpeg"
    },

    "44": {
        "name": "Kashimura Sana",
        "origin": "Alice to Zouroku",
        "image": "https://mywaifulist.s3-us-west-1.amazonaws.com/waifus/5004/bd4b291c66a05f52f93aa0a299ef62f5da772f193ca338b1eddde0aeaa1de60c.jpeg"
    },

    "45": {
        "name": "Satou Matsuzaka",
        "origin": "Happy Sugar Life",
        "image": "https://mywaifulist.s3-us-west-1.amazonaws.com/waifus/952/1a6d97ebb71b0709389df4fca0373703696e83161e5d49f3d7b0ccecc69d10c9.jpeg"
    },

    "46": {
        "name": "Rumia Tingel",
        "origin": "Rokudenashi Majutsu Koushi to Akashic Records",
        "image": "https://mywaifulist.s3-us-west-1.amazonaws.com/waifus/4112/14317771de2febbb72ed54faa9a34c66dfc83073d8a540b088331c86fe2f85c9.png"
    },

    "47": {
        "name": "Karen Tendo",
        "origin": "Gamers!",
        "image": "https://mywaifulist.s3-us-west-1.amazonaws.com/waifus/6195/da2c06b4f4023046578a39d5cc3db4ada98bbe519be178981f35cf5bc3d3a441.jpeg"
    },

    "48": {
        "name": "Sakuya Izayoi",
        "origin": "Touhou Project",
        "image": "https://mywaifulist.s3-us-west-1.amazonaws.com/waifus/650/2f4ee23dd4566bb6f61cd24327ce3252f198512f7ceec0899a48ac590cc67e50.jpeg"
    },

    "49": {
        "name": "Margaret Liones",
        "origin": "The Seven Deadly Sins",
        "image": "https://mywaifulist.s3-us-west-1.amazonaws.com/waifus/6681/58c628f6e931e3520f868cd9a358e65910ba1e869f4121cd25070f92e1673f70.png"
    },

    "50": {
        "name": "La Foila Rihavein",
        "origin": "Strike the Blood",
        "image": "https://mywaifulist.s3-us-west-1.amazonaws.com/waifus/4711/0ffb688618b4e0d742b87642118e9d4a6943eced542c60c9403216eb8a891280.jpeg"
    },

    "51": {
        "name": "Caeldori",
        "origin": "Fire Emblem",
        "image": "https://mywaifulist.s3-us-west-1.amazonaws.com/waifus/3708/fd865040ababf80847a4af8549a9cb6ba8b89c88c32dd4b7ba350c10d604892c.jpeg"
    },

    "52": {
        "name": "Ayaka Nikaidou",
        "origin": "Jinsei",
        "image": "https://mywaifulist.s3-us-west-1.amazonaws.com/waifus/5602/ba413c871ae53d65e9fedcdff03c25336cd1544373b7c3446cf04e8b40e44f14.jpeg"
    },

    "53": {
        "name": "Satori Tamaba",
        "origin": "Armed Girl's Machiavellism (Busou Shoujo Machiavellianism)",
        "image": "https://mywaifulist.s3-us-west-1.amazonaws.com/waifus/4186/87dff3cfbb620b9a53559d5534789edabb03c5160c83562e779c1d82ba4d15a9.png"
    },

    "54": {
        "name": "Noriko Sonozaki",
        "origin": "Kiznaiver",
        "image": "http://data.whicdn.com/images/242066214/large.jpg"
    },

    "55": {
        "name": "Satsuki Kiryuuin",
        "origin": "Kill la Kill",
        "image": "https://mywaifulist.s3-us-west-1.amazonaws.com/waifus/2/554c808b414e633abb7442a5317e05211854372a81e887f22fe0e21b5d90231d.jpeg"
    },

    "56": {
        "name": "Double",
        "origin": "Skullgirls",
        "image": "https://mywaifulist.s3-us-west-1.amazonaws.com/waifus/7024/6e2da29a96eeb849c94b5583e3cafde6d0e867b152aea462286844c7837840a4.png"
    },

    "57": {
        "name": "Sagiri Izumi",
        "origin": "Eromanga Sensei",
        "image": "https://ih1.redbubble.net/image.397474995.7403/flat,900x900,070,f.u1.jpg"
    },

    "58": {
        "name": "Rin Kurenai",
        "origin": "Big Order",
        "image": "https://mywaifulist.s3-us-west-1.amazonaws.com/waifus/4374/34df74c1b7c0805273620eaf9cd096fc6ac587d22858695d203bca5c24bb622b.jpeg"
    },

    "59": {
        "name": "Lunasa Prismriver",
        "origin": "Touhou Project",
        "image": "https://mywaifulist.s3-us-west-1.amazonaws.com/waifus/4208/e9bd8fa8e95fb9a122fde8088058fba0437cc47c202770943f9fb759fa1492c9.jpeg"
    },

    "60": {
        "name": "Sirius",
        "origin": "My Hero Academia",
        "image": "http://i.imgur.com/FXc3l6i.png"
    },

    "61": {
        "name": "Rikka Takanashi",
        "origin": "Chuunibyou demo Koi ga Shitai!",
        "image": "https://i.pinimg.com/736x/db/6e/77/db6e77106a10787b339da6e0b590410c--manga-anime-anime-art.jpg"
    },

    "62": {
        "name": "Miia",
        "origin": "Monster Musume",
        "image": "https://mywaifulist.s3-us-west-1.amazonaws.com/waifus/1258/1b561121f2cf3cea22b34bf13c56ac3534c15419434511ee4ffb0eb24fb776e4.jpeg"
    },

    "63": {
        "name": "Nonon Jakuzure",
        "origin": "Kill la Kill",
        "image": "https://i.ytimg.com/vi/v-NTTCWMAcs/maxresdefault.jpg"
    },

    "64": {
        "name": "Toga Himiko",
        "origin": "My Hero Academia",
        "image": "https://i.pinimg.com/736x/dd/3a/0b/dd3a0b12a5eb8d94f7ca09647e340018--villains-boku-no-hero-academia-himiko-boku-no-hero-academia.jpg"
    },

    "65": {
        "name": "If (IFFY)",
        "origin": "Hyperdimension Neptunia",
        "image": "https://mywaifulist.s3-us-west-1.amazonaws.com/waifus/4250/6d17ea81da56461109975ce28755805e5bddbff911b85efc4344032cbc0d9c07.png"
    },

    "66": {
        "name": "Sadone",
        "origin": "Battle Girl High School",
        "image": "https://mywaifulist.s3-us-west-1.amazonaws.com/waifus/6333/550f5ba3180b64cde096fcf5a94b50ae6de5a5df31bf1051c95af41b64c642f9.jpeg"
    },

    "67": {
        "name": "Lux Sibyl",
        "origin": "Violet Evergarden",
        "image": "https://mywaifulist.s3-us-west-1.amazonaws.com/waifus/6716/4d09543f90898cab33270dace88a70816adcd571f8d5dabe807b79b780a14815.jpeg"
    },

    "68": {
        "name": "Gin Akutagawa",
        "origin": "Bungou Stray Dogs",
        "image": "https://mywaifulist.s3-us-west-1.amazonaws.com/waifus/7235/f4fec035e2477a0f5f1719c7dc3e04f47dc7439587f24390ade4c0570661270c.jpeg"
    },

    "69": {
        "name": "Kanan Matsuura",
        "origin": "Love Live! School Idol Project",
        "image": "https://mywaifulist.s3-us-west-1.amazonaws.com/waifus/397/f48cddeb158aef5e17c751398831afa6090e856b4aa6e1e7d61ae280d2c8d3ff_thumb.jpeg"
    },

    "70": {
        "name": "Youta Tsunashi",
        "origin": "I Can't Understand What my Husband is Saying",
        "image": "https://mywaifulist.s3-us-west-1.amazonaws.com/waifus/4499/9a9384da9c51ca18b2c6ceb7bf16d550b1349d68b76129305fb3898fc9a8a8df.jpeg"
    },

    "71": {
        "name": "Black Rock Shooter",
        "origin": "Black Rock Shooter",
        "image": "https://static.zerochan.net/Black%E2%98%85Rock.Shooter.%28Character%29.full.1723040.jpg"
    },

    "72": {
        "name": "Jack the Ripper",
        "origin": "Fate/Apocrypha",
        "image": "https://mywaifulist.s3-us-west-1.amazonaws.com/waifus/4386/d76a6fbf39343a215a06ca5c2fb335741fda62c7709db6d6398580cb23b37684.jpeg"
    },

    "73": {
        "name": "Miroune Lorelei",
        "origin": "Monster Musume",
        "image": "https://i.imgur.com/wOWZQdp.jpg"
    },

    "74": {
        "name": "Giga Mermaid",
        "origin": "Shantae",
        "image": "https://mywaifulist.s3-us-west-1.amazonaws.com/waifus/7971/d3aa5c41eb7a9dfaf608327f1b1bd232f858764f4db374d7b89b8cf142d478a6.png"
    },

    "75": {
        "name": "Arisa Takamizawa",
        "origin": "Confession Execute Committee",
        "image": "https://mywaifulist.s3-us-west-1.amazonaws.com/waifus/5747/f495e8a22b19451dc503c18f9eca7578b8e1b8638321ac0878e1d45fbf0f547d.jpeg"
    },

    "76": {
        "name": "Minori",
        "origin": "Senran Kagura",
        "image": "https://mywaifulist.s3-us-west-1.amazonaws.com/waifus/6145/ff8cf9c7f0c4a08d5bf2ac3f1344410460caaaf8c578390d39991e0f8c623bf0.png"
    },

    "77": {
        "name": "Kasumi Mogi",
        "origin": "Utsuro no Hako to Zero no Maria",
        "image": "https://mywaifulist.s3-us-west-1.amazonaws.com/waifus/6500/efe80c3f7690a7133b06e1d9181d9b45fb48534643aea0a11fa37d8f93960106.jpeg"
    },

    "78": {
        "name": "Tatsuta",
        "origin": "Kantai Collection",
        "image": "https://mywaifulist.s3-us-west-1.amazonaws.com/waifus/4915/e35022609a04e6089041a9b2a001b334972572fe34e7bf8c082ec199e104e99d.png"
    },

    "79": {
        "name": "Shimakaze",
        "origin": "Kantai Collection",
        "image": "https://mywaifulist.s3-us-west-1.amazonaws.com/waifus/638/f327cddd236f0d4699c101717c18890f8ca399074b959566b3ffc799b90c006c.jpeg"
    },

    "80": {
        "name": "Graf Zeppelin",
        "origin": "Kantai Collection",
        "image": "https://mywaifulist.s3-us-west-1.amazonaws.com/waifus/233/2e5bfc3dadbcd402ad509d4294386048de7cc34135c66b5bb36ff2c111360538.png"
    },

    "81": {
        "name": "Kongou",
        "origin": "Kantai Collection",
        "image": "https://mywaifulist.s3-us-west-1.amazonaws.com/waifus/494/71113bad1d4df449e89333fc013a9a204b3a7c45cf7310ac72fe2ffaf5ae6dbd.jpeg"
    },

    "82": {
        "name": "Haruna",
        "origin": "Kantai Collection",
        "image": "https://mywaifulist.s3-us-west-1.amazonaws.com/waifus/809/3be44809d6f3f1a559d5dae222621f4c7269cdcd9f763ed463f539b5d23416fd.jpeg"
    },

    "83": {
        "name": "Nagato",
        "origin": "Kantai Collection",
        "image": "https://mywaifulist.s3-us-west-1.amazonaws.com/waifus/845/11f96295115538c2b90a44cd097e5238f834751ac6541bf2415ab3fa9baee381.jpeg"
    },

    "84": {
        "name": "Hibiki",
        "origin": "Kantai Collection",
        "image": "https://mywaifulist.s3-us-west-1.amazonaws.com/waifus/859/5c76f1edc999ac4d42377f89185f05b04013375cc3701de1e081274b4ba0022e.jpeg"
    },

    "85": {
        "name": "Musashi",
        "origin": "Kantai Collection",
        "image": "https://mywaifulist.s3-us-west-1.amazonaws.com/waifus/1036/bf39cd34875e4be03dd732c1f69002e357c0dd68f0ddef1a5710c85845d4a2b8.png"
    },

    "86": {
        "name": "Hamakaze",
        "origin": "Kantai Collection",
        "image": "https://mywaifulist.s3-us-west-1.amazonaws.com/waifus/1102/5142993b847dcbe0a4744381dc75714a747f844ce67f721679f58203bb4c89f0.jpeg"
    },

    "87": {
        "name": "Yuudachi",
        "origin": "Kantai Collection",
        "image": "https://mywaifulist.s3-us-west-1.amazonaws.com/waifus/1525/f2e7ad5650a81225544d022b2600dada6518aced65f411c1b3bce5c5821a73ea.png"
    },

    "88": {
        "name": "Hawakaze",
        "origin": "Kantai Collection",
        "image": "https://mywaifulist.s3-us-west-1.amazonaws.com/waifus/1564/b89585218bc752d891d9a9452f470f1698d68910135dd9e53df3e7af310c98f8.jpeg"
    },

    "89": {
        "name": "Amatsukaze",
        "origin": "Kantai Collection",
        "image": "https://mywaifulist.s3-us-west-1.amazonaws.com/waifus/1571/82ee6f5381f3e1969101f75e4dd48cbecd9608a5d6829c82df21728641face20.jpeg"
    },

    "90": {
        "name": "Prinz Eugen",
        "origin": "Kantai Collection",
        "image": "https://mywaifulist.s3-us-west-1.amazonaws.com/waifus/1598/9ed4644316666f6bc538b125dfd784472e1c77be4dc92d181b9b38a4f0a1bffe.png"
    },

    "91": {
        "name": "Shigure",
        "origin": "Kantai Collection",
        "image": "https://mywaifulist.s3-us-west-1.amazonaws.com/waifus/1592/460b7d6af371b08f780132dd755142e818867ffc927be8623977fb0154fbd38b.jpeg"
    },

    "92": {
        "name": "Sendai",
        "origin": "Kantai Collection",
        "image": "https://mywaifulist.s3-us-west-1.amazonaws.com/waifus/1605/8b17b71a7e7f0d155dfb64c109f8f5b35c485191fe65add57e41d4d14d7e29d5.jpeg"
    },

    "93": {
        "name": "Murakumo",
        "origin": "Kantai Collection",
        "image": "https://mywaifulist.s3-us-west-1.amazonaws.com/waifus/1639/7e4d6a1d7ccb69f10952c1e840e07d5b40873a67eb40a18510b9c7f921002211.jpeg"
    },

    "94": {
        "name": "Mutsu",
        "origin": "Kantai Collection",
        "image": "https://mywaifulist.s3-us-west-1.amazonaws.com/waifus/1624/d705f66f3eee131290f915e48b68ee6ae335d64d1c1141dd18ad880054ef93e2.jpeg"
    },

    "95": {
        "name": "Akebono",
        "origin": "Kantai Collection",
        "image": "https://mywaifulist.s3-us-west-1.amazonaws.com/waifus/1653/4be6cc646e3a9a4079df00664a6f21ba6b2db9b276cbe3e087c3b85c59a2b32c.png"
    },

    "96": {
        "name": "Hatsuharu",
        "origin": "Kantai Collection",
        "image": "https://mywaifulist.s3-us-west-1.amazonaws.com/waifus/2354/06df2d4d98971fc97a924bb0665488539a4c2e0cd530fed7595ee65b2c9c40bc.jpeg"
    },

    "97": {
        "name": "Ryuujou",
        "origin": "Kantai Collection",
        "image": "https://mywaifulist.s3-us-west-1.amazonaws.com/waifus/2074/a1cd28459e9bba480c2955d7c4820d79d00406034865093b396ee321545a5f8c.png"
    },

    "98": {
        "name": "Kashima",
        "origin": "Kantai Collection",
        "image": "https://mywaifulist.s3-us-west-1.amazonaws.com/waifus/2634/bb70077534ff6228d25c20338d2d7bfee55e6a8b59792e52ba42738ec2e9a9bc.jpeg"
    },

    "99": {
        "name": "Iowa",
        "origin": "Kantai Collection",
        "image": "https://mywaifulist.s3-us-west-1.amazonaws.com/waifus/2665/7661a0afb216e55405c1ee903c010f811189c9a1422d6b1534a5a2da53b475ff.png"
    },

    "100": {
        "name": "Shouhou",
        "origin": "Kantai Collection",
        "image": "https://mywaifulist.s3-us-west-1.amazonaws.com/waifus/2968/420cb6a5e83223f4b91a04897b539e19d90cb671871094a685e29b0dea9a746a.png"
    },

    "101": {
        "name": "Ushio",
        "origin": "Kantai Collection",
        "image": "https://mywaifulist.s3-us-west-1.amazonaws.com/waifus/3023/803fb99ef3917949aa7e2bb1e914943cb5493537e9f608080d861507db84444a.jpeg"
    },

    "102": {
        "name": "Bismarck",
        "origin": "Kantai Collection",
        "image": "https://mywaifulist.s3-us-west-1.amazonaws.com/waifus/3051/fbfb9d136618d972ccf00720fc82070aa381653b2ab6f6beab720d2a71eda800.png"
    },

    "103": {
        "name": "Murasame",
        "origin": "Kantai Collection",
        "image": "https://mywaifulist.s3-us-west-1.amazonaws.com/waifus/3043/789223c62781ffed81c7059c441dfdaa19d631e8b5564136a4d724fc0764409d.png"
    },

    "104": {
        "name": "Yahagi",
        "origin": "Kantai Collection",
        "image": "https://mywaifulist.s3-us-west-1.amazonaws.com/waifus/3054/d623da31eae841061929a0170ebc18307c5dd7596a7a7a095fc836b47e83aca1.png"
    },

    "105": {
        "name": "Yamakaze",
        "origin": "Kantai Collection",
        "image": "https://mywaifulist.s3-us-west-1.amazonaws.com/waifus/3067/c30c6a09e00bcfa76b412f5634f4c0c39b856007652417a9e2ff1089b26e69ef.png"
    },

    "106": {
        "name": "Umikaze",
        "origin": "Kantai Collection",
        "image": "https://mywaifulist.s3-us-west-1.amazonaws.com/waifus/3081/d85f913b85cce5e2cc026ebaf223b200deed58b80fee33121fb165cc5d146f7b.png "
    },

    "107": {
        "name": "Suzuya",
        "origin": "Kantai Collection",
        "image": "https://mywaifulist.s3-us-west-1.amazonaws.com/waifus/3066/4c5d74d2c7cd09934d49a2217b3503986e5234a78f5e5c777d8db02fdb8fa436.png"
    },

    "108": {
        "name": "Urakaze",
        "origin": "Kantai Collection",
        "image": "https://mywaifulist.s3-us-west-1.amazonaws.com/waifus/3249/b0270b9910dabfe36cccc6aa4140b69a708f55695f58cae862b9b945f05e6d07.jpeg"
    },

    "109": {
        "name": "Yuubari",
        "origin": "Kantai Collection",
        "image": "https://mywaifulist.s3-us-west-1.amazonaws.com/waifus/3951/f1eef71f0bb89cc27c277524a49963e5cfafa2738cbc1403c1b577be0bdca3f9.png"
    },

    "110": {
        "name": "Akizuki",
        "origin": "Kantai Collection",
        "image": "https://mywaifulist.s3-us-west-1.amazonaws.com/waifus/4264/fb4c8e36cb2e0fd4616f35dd2866cbe549916acfaeba50cc629165d517251399.jpeg"
    },

    "111": {
        "name": "Abukuma",
        "origin": "Kantai Collection",
        "image": "https://mywaifulist.s3-us-west-1.amazonaws.com/waifus/4531/4ca0320536c349f8ac3a9768f1888d9c24b837982859734ae5d0e974cdbc8a8f.png"
    },

    "112": {
        "name": "Yuki Minagawa",
        "origin": "Tsurezure Children",
        "image": "https://mywaifulist.s3-us-west-1.amazonaws.com/waifus/7001/43ec4cc422875ca384d7a9bb2672ed0993c4fc46309500cd353a2bc2db70c06c.jpeg"
    },

    "113": {
        "name": "Minoriko Aki",
        "origin": "Touhou Project",
        "image": "https://mywaifulist.s3-us-west-1.amazonaws.com/waifus/4464/b1c1b03e5e0d95ef9eda8621bc8ad70c9ab2b90a0fb09dc6ba2bdaa7e9860362.jpeg"
    },

    "114": {
        "name": "Genny",
        "origin": "Fire Emblem",
        "image": "https://mywaifulist.s3-us-west-1.amazonaws.com/waifus/6125/83902cf2576d44fbe2c2f28bfb6fad4e9ebcfc63ab3fe03dbfd7c4c7a47e22e5.png"
    },

    "115": {
        "name": "Mana",
        "origin": "You are Indecent, my Queen",
        "image": "https://mywaifulist.s3-us-west-1.amazonaws.com/waifus/4774/f2337e917fab3e09948b6598f2a897dda88bbf9711ec4b25e8503637ee672efb.jpeg"
    },

    "116": {
        "name": "Ayumi Tokita",
        "origin": "Squid Girl",
        "image": "https://mywaifulist.s3-us-west-1.amazonaws.com/waifus/5504/a4c525f7b27dca81cbf0dbed4388b5e2a27a00652811902ba88c6bf5851e5e34.jpeg"
    },

    "117": {
        "name": "Tsubasa Kira",
        "origin": "Love Live! School Idol Project",
        "image": "https://mywaifulist.s3-us-west-1.amazonaws.com/waifus/392/a3183f24264a2801454b980cfd9d4a4b3f146047a6057437307f04fda59b63d8.jpeg"
    },

    "118": {
        "name": "Aiko Takamori",
        "origin": "The Idolm@ster: Cinderella Girls",
        "image": "https://mywaifulist.s3-us-west-1.amazonaws.com/waifus/6693/5ac5188e58d38c54f9b08f6c63b67839d284e27b328d14c5eb5b14c89e782627.jpeg"
    },

    "119": {
        "name": "I-19",
        "origin": "Kantai Collection",
        "image": "https://mywaifulist.s3-us-west-1.amazonaws.com/waifus/4782/96ed1e81e90fe766062b87a9870b6649dbda86c2a2979171f6d134f1d7d3097b.png"
    },

    "120": {
        "name": "Akira Tachibana",
        "origin": "Koi wa Ameagari no you ni",
        "image": "https://mywaifulist.s3-us-west-1.amazonaws.com/waifus/7925/e79542828d49f40baa887f6251ddb69ce42b5c3e7b1c8b38d2d249591ff2da36.jpeg"
    },

    "121": {
        "name": "Scar",
        "origin": "Sunday without God",
        "image": "https://mywaifulist.s3-us-west-1.amazonaws.com/waifus/7140/731a3c1b819431996633e4ba3dab40cde26b823aaec7d8bbfe22426117afee0d.png"
    },

    "122": {
        "name": "Niwaka Denkigai",
        "origin": "Akiba's Trip the Animation",
        "image": "https://mywaifulist.s3-us-west-1.amazonaws.com/waifus/573/70eda063d8e190349a2cc10470ff26a4b972631016983ad169ceda981853053a.jpeg"
    },

    "123": {
        "name": "Artoria Pendragon (Saber Lily)",
        "origin": "Fate/Grand Order",
        "image": "https://mywaifulist.s3-us-west-1.amazonaws.com/waifus/1934/4a49483ce46400431a097a8b0816274db299bc1be36a630d32dfc6ecf6cb5249.jpeg"
    },

    "124": {
        "name": "Raiko Horikawa",
        "origin": "Touhou Project",
        "image": "https://mywaifulist.s3-us-west-1.amazonaws.com/waifus/2280/a16ad43849d70cec186012a144525f2e50a521f84446b55155650008310eb831.png"
    },

    "125": {
        "name": "Sara",
        "origin": "Mushoku Tensei: Isekai Ittara Honki Dasu",
        "image": "https://mywaifulist.s3-us-west-1.amazonaws.com/waifus/6522/a237d87d14947c227c28ba3038ff11a2e3354e2e3f25d2cc66760e3e32c2d24a.jpeg"
    },

    "126": {
        "name": "Beelzebub",
        "origin": "Seven Mortal Sins",
        "image": "https://mywaifulist.s3-us-west-1.amazonaws.com/waifus/7882/6f5d1508b5bb92e2997d63939e8e0bada9e02ed8259dc0631f168930c630cdcf.jpeg"
    },

    "127": {
        "name": "Fuwari",
        "origin": "Renai Shimasen ka?",
        "image": "https://mywaifulist.s3-us-west-1.amazonaws.com/waifus/6899/85a723135ccec4a05aa2d07246646de92f3495417153634c7d5eafe35abd19e5.jpeg"
    },

    "128": {
        "name": "Kirukiru 'Empress' Amou",
        "origin": "Armed Girl's Machiavellism",
        "image": "https://mywaifulist.s3-us-west-1.amazonaws.com/waifus/4129/df29bd5f22a3751eae2589069998f58defea26bbcc5cdf2c019cb39253e494e9.png"
    },

    "129": {
        "name": "Muse",
        "origin": "Amagi Brilliant Park",
        "image": "https://mywaifulist.s3-us-west-1.amazonaws.com/waifus/3418/c715c043ca1cc31ad7987a77231f9e3095125afe09f698c791493f2ea2ee73ef.jpeg"
    },

    "130": {
        "name": "Lisette",
        "origin": "Stella Glow",
        "image": "https://mywaifulist.s3-us-west-1.amazonaws.com/waifus/4047/23b772e9d88bc9e7b0d95334ad70e1d61f59ae2048cd8ed77e2881679c3b7467.jpeg"
    },

    "131": {
        "name": "Konno Yuuki",
        "origin": "Sword Art Online",
        "image": "https://mywaifulist.s3-us-west-1.amazonaws.com/waifus/59/9b8c6aed9fb3f81beee81027b4ab44832077734ab78af84358d27847b86eec41.png"
    },

    "132": {
        "name": "Mahiru Bamba",
        "origin": "Riddle Story of Evil",
        "image": "https://mywaifulist.s3-us-west-1.amazonaws.com/waifus/3308/ae35230b5c7045ac7248ea80d0c1fba79a51b7b68c6165b33bd70cede899de6a.jpeg"
    },

    "133": {
        "name": "Lulu",
        "origin": "Death March Kara Hajimaru Isekai Kyoushoukyoku",
        "image": "https://mywaifulist.s3-us-west-1.amazonaws.com/waifus/6474/ae9db934eaf1515e3d444323e6338cd86c56bac450e690644cb635620ff58cec.jpeg"
    },

    "134": {
        "name": "Claire Rouge",
        "origin": "Blade Dance",
        "image": "https://mywaifulist.s3-us-west-1.amazonaws.com/waifus/2362/05c37c2dfd58c318f5608ea2628409d193f16e93a739f6fcb5b712c0299f38c3.png"
    },

    "135": {
        "name": "Kanade Sakurada",
        "origin": "Castle Town Dandelion",
        "image": "https://mywaifulist.s3-us-west-1.amazonaws.com/waifus/1684/cb9f22ab8c6d36f71b90a463cbbf154f65b76729468362d58d20b568870715f4.png"
    },

    "136": {
        "name": "Hotarubi",
        "origin": "Basilisk",
        "image": "https://mywaifulist.s3-us-west-1.amazonaws.com/waifus/6726/a95d15a773bb99a9132218d672d83d67c58d839a8c648b59c883158c0e28c14b.jpeg"
    },

    "137": {
        "name": "Akari Akura",
        "origin": "Chaika: the Coffin Princess",
        "image": "https://mywaifulist.s3-us-west-1.amazonaws.com/waifus/741/21c30b1a656b29678e12010b86a84f3f6ad1c65c297b281420f30cf0a90e18d5.jpeg"
    },

    "138": {
        "name": "Kazami Yuuka",
        "origin": "Touhou Project",
        "image": "https://mywaifulist.s3-us-west-1.amazonaws.com/waifus/2427/b77ca62f777ac5685e751af9952c9514c7ce476bc01367ebf475094743caf0b0.jpeg"
    },

    "139": {
        "name": "Rita Ainsworth",
        "origin": "Sakurasou no Pet na Kanojo",
        "image": "https://mywaifulist.s3-us-west-1.amazonaws.com/waifus/5646/827b8acae64c5c910f33f464822f03060675773c102e6190c27b16a14d9550fa.png"
    },

    "140": {
        "name": "Nao Tomori",
        "origin": "Charlotte",
        "image": "https://mywaifulist.s3-us-west-1.amazonaws.com/waifus/62/3d80113a235ae9642acff3058a91b29ab566b1e3ea03d9d626508c2e7ccae7c0.jpeg"
    },

    "141": {
        "name": "Nanako Usami",
        "origin": "Locodol",
        "image": "https://mywaifulist.s3-us-west-1.amazonaws.com/waifus/1945/90c992b6cba161b980e76d156a621502f01bf73779e978978b217a399df2c9d7.png"
    },

    "142": {
        "name": "Aida Surugan",
        "origin": "Mobile Suit Gandam",
        "image": "https://mywaifulist.s3-us-west-1.amazonaws.com/waifus/4205/77baa6692735bcd92dd4c0234628f2d4198599b7f57e4290a5035f2de1986a45.jpeg"
    },

    "143": {
        "name": "Mariya Shidou",
        "origin": "MariaHolic",
        "image": "https://mywaifulist.s3-us-west-1.amazonaws.com/waifus/4245/06034e00b74ff25df271fa6305aaf3a3d89d961d64395b0bd31ed4926f47fc7b.jpeg"
    },

    "144": {
        "name": "Noriko 'Moka' Kamomebata",
        "origin": "Scum's Wish",
        "image": "https://mywaifulist.s3-us-west-1.amazonaws.com/waifus/2293/c14ce2c730e2bea4af7ca3c44ac52413f2d1d65e4bc1017931d4af8a5cf73144.jpeg"
    },

    "145": {
        "name": "Sekhmet",
        "origin": "Re: Zero",
        "image": "https://mywaifulist.s3-us-west-1.amazonaws.com/waifus/3640/ed7290974ad4fabc9e183e72f35cd358f099464b39150b3a8fab2fc9c4242535.jpeg"
    },

    "146": {
        "name": "Katherine",
        "origin": "Daiteikoku",
        "image": "https://mywaifulist.s3-us-west-1.amazonaws.com/waifus/2538/ebac9fceb2b1391eab6cc9a443e928b75ffc5a6dc81cd367f5ed801a951319fb.jpeg"
    },

    "147": {
        "name": "Mukuro Hoshimiya",
        "origin": "Date a Live",
        "image": "https://mywaifulist.s3-us-west-1.amazonaws.com/waifus/4358/220808c91d163da764d0ea88162a052a550cb695095342500eaaf675773d2287.jpeg"
    },

    "148": {
        "name": "Rinna Ohara",
        "origin": "Island",
        "image": "https://mywaifulist.s3-us-west-1.amazonaws.com/waifus/6488/93b3200418efcffc29c54e770939312d5a015eff6c4736348a2d0bf8a64b2f0f.jpeg"
    },

    "149": {
        "name": "Erina der Vogelweid",
        "origin": "God Eater",
        "image": "https://mywaifulist.s3-us-west-1.amazonaws.com/waifus/7368/d7401d231720b0dc09b678f9c7b3911846c8d45ed6994a7fbd099cb7097c70af.jpeg"
    },

    "150": {
        "name": "Eto Yoshimura",
        "origin": "Tokyo Ghoul",
        "image": "https://mywaifulist.s3-us-west-1.amazonaws.com/waifus/1949/b15a3979e40104158025fb10aa635bc9f2370b0c3780186c3725d3688c7c4993.png"
    },

    "151": {
        "name": "Kanon Daiba",
        "origin": "God Eater",
        "image": "https://mywaifulist.s3-us-west-1.amazonaws.com/waifus/2259/bd0de92566eaaca9bc086544b2d8096ac28ad9b2065d2e5d05db85dab6654676.jpeg"
    },

    "152": {
        "name": "Nana Kozuki",
        "origin": "God Eater",
        "image": "https://mywaifulist.s3-us-west-1.amazonaws.com/waifus/4120/2f17d2909f314d2b7dd08c3660598860e54ef24cefc9ea902d383ebcb6d1b2de.jpeg"
    },

    "153": {
        "name": "Melty Do Granite",
        "origin": "Shining Hearts",
        "image": "https://mywaifulist.s3-us-west-1.amazonaws.com/waifus/1874/68eefafae4e5b8c0d2f9665437ddf06deaec8636e67a4017c44fa37cd151b988.jpeg"
    },

    "154": {
        "name": "Rinne Sonogami",
        "origin": "Date a Live",
        "image": "https://mywaifulist.s3-us-west-1.amazonaws.com/waifus/4359/c8a78b9c5ff34e5b08f28caf8f6c5bbf24bd4b5047f4aa66859ad04260744e98.png"
    },

    "155": {
        "name": "Zero",
        "origin": "Grimoire of Zero",
        "image": "https://mywaifulist.s3-us-west-1.amazonaws.com/waifus/4109/770666e5183793fce55bdf2650bfdc5595cf44d0e9d43a4f88a6373227f75b87.jpeg"
    },

    "156": {
        "name": "Ram",
        "origin": "Re: Zero",
        "image": "https://mywaifulist.s3-us-west-1.amazonaws.com/waifus/79/bb744135311cb5d383cae732e61910f1f8925aabb2ebd60c06946e62abc1db3e.png"
    },

    "157": {
        "name": "Ritsuko Matsunaga",
        "origin": "High School Fleet",
        "image": "https://mywaifulist.s3-us-west-1.amazonaws.com/waifus/6797/5379fdf39243302bd479a7e514e86d39fc913d28d260b33a593726b3d7971d90.png"
    },

    "158": {
        "name": "Tsukuyo Inaba",
        "origin": "Armed Girl's Machiavellism",
        "image": "https://mywaifulist.s3-us-west-1.amazonaws.com/waifus/4188/ed5dfe212e8f5a7b05010f416b9094944b396baa7ae60ebf066af2a8037100a4.png"
    },

    "159": {
        "name": "Hyouka Fuwa",
        "origin": "Shimoneta to Iu Gainen ga Sonzai Shinai Taikutsu na Sekai",
        "image": "https://mywaifulist.s3-us-west-1.amazonaws.com/waifus/1812/e8559432f73c96ece91b123a9534f58c8b200544b97447908c3e980b568f88e2.jpeg"
    },

    "160": {
        "name": "Anna Nishikinomiya",
        "origin": "Shimoneta to Iu Gainen ga Sonzai Shinai Taikutsu na Sekai",
        "image": "https://mywaifulist.s3-us-west-1.amazonaws.com/waifus/1267/5fdf51675cce468978cb8e9027e723729c2b24911bbc172e1de786c7c09d6338.png"
    },

    "161": {
        "name": "K-Sha",
        "origin": "Hyperdimension Neptunia",
        "image": "https://mywaifulist.s3-us-west-1.amazonaws.com/waifus/5135/c9a6eca62d692d0c5e3c086ecc499d2e069757095986418a7d6b17696da0e424.png"
    },

    "162": {
        "name": "Kirihime Yoruka",
        "origin": "Saijaku Muhai no Bahamut",
        "image": "https://mywaifulist.s3-us-west-1.amazonaws.com/waifus/5041/db264e1dd04d6c151f1263bedb46185bf65bb25100c261a32a53e619c74c94a9.jpeg"
    },

    "163": {
        "name": "Shallistera Argo",
        "origin": "Atelier Series",
        "image": "https://mywaifulist.s3-us-west-1.amazonaws.com/waifus/4089/a7d2d6494fb50afaea9d3f4c39eb657ce3fd54aff3589c95e18951b9b0f53f4d.jpeg"
    },

    "164": {
        "name": "Zange",
        "origin": "Kannagi",
        "image": "https://mywaifulist.s3-us-west-1.amazonaws.com/waifus/5604/432618bc65f955102574471637d5ffdacf29a79a24d6da88e69ca96019e5e5fe.png"
    },

    "165": {
        "name": "Mocha Hoto",
        "origin": "Is the Order a Rabbit",
        "image": "https://mywaifulist.s3-us-west-1.amazonaws.com/waifus/5332/2f5818fb1dc8992a2abba11aa5c699c80f37514288b425b7fc8c787e8ab03635.png"
    },

    "166": {
        "name": "Lacie Baskerville",
        "origin": "Pandora Hearts",
        "image": "https://mywaifulist.s3-us-west-1.amazonaws.com/waifus/6446/34968ebb1831a4f3a6cac8853042ce655b25869d8199c9b410c737d98cb991c1.jpeg"
    },

    "167": {
        "name": "Airi Ban",
        "origin": "Devil Survivor",
        "image": "https://mywaifulist.s3-us-west-1.amazonaws.com/waifus/5484/e45047655aa058a0723df2586ac5aeb56ee2892a6b31f3dec780760196f0e208.jpeg"
    },

    "168": {
        "name": "Sumireko Hanabusa",
        "origin": "Riddle Story of Devil",
        "image": "https://mywaifulist.s3-us-west-1.amazonaws.com/waifus/692/6538620beaa1f5b9c938dc212559a5a9f190f586a94c6ce1a7e684c1860b5987.png"
    },

    "169": {
        "name": "Isla",
        "origin": "Plastic Memories",
        "image": "http://pa1.narvii.com/5747/325e4ccacf6463f6f41ee440dd92069aae92e176_hq.gif"
    },

    "170": {
        "name": "Houtaru Shidare",
        "origin": "Dagashi Kashi",
        "image": "https://orig00.deviantart.net/584e/f/2016/072/2/6/hotaru_shidare_wallpaper_8_by_sanoboss-d9v0xbn.png"
    },

    "171": {
        "name": "Stephanie Dola",
        "origin": "No Game no Life",
        "image": "https://vignette.wikia.nocookie.net/no-game-no-life/images/9/9d/Stephanie_Dola.png/revision/latest/scale-to-width-down/295?cb=20170323163133"
    },

    "172": {
        "name": "Inori Yuzuhira",
        "origin": "Guilty Crown",
        "image": "https://i.imgur.com/r0VsPUe.png"
    },

    "173": {
        "name": "Suu",
        "origin": "Monster Musume",
        "image": "https://i.ytimg.com/vi/NVQrTEFZotU/maxresdefault.jpg"
    },

    "174": {
        "name": "Izuna Hatsuse",
        "origin": "No Game no Life",
        "image": "http://vignette2.wikia.nocookie.net/no-game-no-life/images/0/0f/Izuna_card_edit.png/revision/latest?cb=20140906060709"
    },

    "175": {
        "name": "Meiko Honma",
        "origin": "Anohana",
        "image": "http://www.top4themes.com/data/out/92/6150593-meiko-honma-wallpapers.jpg"
    },

    "176": {
        "name": "Shinoa Hiiragi",
        "origin": "Owari no Seraph",
        "image": "https://myanimelist.cdn-dena.com/images/characters/6/285968.jpg"
    },

    "177": {
        "name": "Aqua",
        "origin": "KonoSuba",
        "image": "http://pm1.narvii.com/6009/c43513d123c373f86136fc29ef96a676ec5e5fb8_hq.jpg"
    },

    "178": {
        "name": "Fremy Speedraw",
        "origin": "Rokka no Yuusha",
        "image": "http://pm1.narvii.com/5866/1534d85f9824cc317e3b67be1e7c2ed18c5b06e4_hq.jpg"
    },

    "179": {
        "name": "Ruru",
        "origin": "Phantom World",
        "image": "https://i.pinimg.com/736x/94/1e/ae/941eae6600087ba00888b250f9002835--colours-kyoto.jpg"
    },

    "180": {
        "name": "Lisbeth",
        "origin": "Sword Art Online",
        "image": "https://i.pinimg.com/736x/1a/fe/30/1afe3091dc1d572869fd35be3da0f875--lisbeth-sao-nerd-art.jpg"
    },

    "181": {
        "name": "Aki Adagaki",
        "origin": "Masamunekun's Revenge",
        "image": "http://images.picstatio.com/u/v3yg9-/tablet_Beautiful-anime-Aki-Adagaki-wallpaper.png"
    },

    "182": {
        "name": "Restia Ashdoll",
        "origin": "Blade Dance",
        "image": "https://mywaifulist.s3-us-west-1.amazonaws.com/waifus/3304/023da5c4d233b56cef9468aaee3350cca121bfd50289e82a015179bce74e4347.jpeg"
    },

    "183": {
        "name": "Saki Yoshida",
        "origin": "Emergence",
        "image": "https://mywaifulist.s3-us-west-1.amazonaws.com/waifus/6714/94c9cfabb3156e334a6108803f9c42945a8545b695e036ad6e321674f2439735.jpeg"
    },

    "184": {
        "name": "Crow",
        "origin": "Nichijou",
        "image": "https://mywaifulist.s3-us-west-1.amazonaws.com/waifus/6016/4c937333486dcb5797a5a0e272c3f2c0f50dca12b69d23f48dc79c3d9cf85e0c.jpeg"
    },

    "185": {
        "name": "Juilianne Natalie Stingray",
        "origin": "VA-11 HALL-A",
        "image": "https://mywaifulist.s3-us-west-1.amazonaws.com/waifus/2869/d34485784ab3dd01e4333d6324c8392851906d58d39b7977fc436544b9c69427.jpeg"
    },

    "186": {
        "name": "Sera Himeura",
        "origin": "IB: Instant Bullet",
        "image": "https://mywaifulist.s3-us-west-1.amazonaws.com/waifus/6415/68ca4f1edb4f52671c2e36f9f2b30921444e8bc84fd066c7bd1e13d7acc9deab.jpeg"
    },

    "187": {
        "name": "Rei Kuroki",
        "origin": "VividRed Operation",
        "image": "https://mywaifulist.s3-us-west-1.amazonaws.com/waifus/7253/1950be6debb106c6adbff4f73a4928e1dad33dae5e25e9b11edddf007fa1086a.png"
    },

    "188": {
        "name": "Reimu Harukei",
        "origin": "Touhou Project",
        "image": "https://mywaifulist.s3-us-west-1.amazonaws.com/waifus/642/955754c6892cd2b6ed0e7559f9fe3ce19b46b29908c287e72deb6bfcedd5f6fc.jpeg"
    },

    "189": {
        "name": "Reisen Udongein Inaba",
        "origin": "Touhou Project",
        "image": "https://mywaifulist.s3-us-west-1.amazonaws.com/waifus/1722/b730794cc6c5f138b3f3ec515d4a643af4affccc0d5c845d9874bfc722fb99b8.png"
    },

    "190": {
        "name": "Rin Kaenbyou",
        "origin": "Touhou Project",
        "image": "https://mywaifulist.s3-us-west-1.amazonaws.com/waifus/2157/fa506deb67bc01511957265341f6f05d49bb3cdc226479bc7145510f1afa0856.png"
    },

    "191": {
        "name": "Toyosatomimi no Miko",
        "origin": "Touhou Project",
        "image": "https://mywaifulist.s3-us-west-1.amazonaws.com/waifus/2345/50cef9a4e2f6feff09041906e755a082b5c5515a57397c39b22d36fca2674795.jpeg"
    },

    "192": {
        "name": "Koakuma",
        "origin": "Touhou Project",
        "image": "https://mywaifulist.s3-us-west-1.amazonaws.com/waifus/4203/e2e5be0310cebb618595b82591ebe3a3b0c1a167116faaaf8dfd75c03854e23c.jpeg"
    },

    "193": {
        "name": "Mystia Lorelei",
        "origin": "Touhou Project",
        "image": "https://mywaifulist.s3-us-west-1.amazonaws.com/waifus/4218/f7927574007e9b15bb042a57367a8deac2c2bb709a4b1ccc5f4a4f7472896133.jpeg"
    },

    "194": {
        "name": "Nitori Kawashiro",
        "origin": "Touhou Project",
        "image": "https://mywaifulist.s3-us-west-1.amazonaws.com/waifus/4466/a2f299315df7556a20e27dc047b9173ac0697882ccb9f457626914e14d0034b8.jpeg"
    },

    "195": {
        "name": "Minoriko Aki",
        "origin": "Touhou Project",
        "image": "https://mywaifulist.s3-us-west-1.amazonaws.com/waifus/4464/b1c1b03e5e0d95ef9eda8621bc8ad70c9ab2b90a0fb09dc6ba2bdaa7e9860362.jpeg"
    },

    "196": {
        "name": "Kanako Yasaka",
        "origin": "Touhou Project",
        "image": "https://mywaifulist.s3-us-west-1.amazonaws.com/waifus/4472/d71fab44df8306aa05b45782b2a536e18be032f77ea0d6ea894cbaa7290c4fef.jpeg"
    },

    "197": {
        "name": "Inu Nagae",
        "origin": "Touhou Project",
        "image": "https://mywaifulist.s3-us-west-1.amazonaws.com/waifus/4473/bc81c6db643f6be5491f8e3b4755fe45c376257ba5b7087fb43a3216a2e6e75f.jpeg"
    },

    "198": {
        "name": "Tenshi Hinanawi",
        "origin": "Touhou Project",
        "image": "https://mywaifulist.s3-us-west-1.amazonaws.com/waifus/4475/b6bb0c27c4c92f6e34181fa68bae8d2a7d7e4bdd7f741266b6819e02916d4c3b.jpeg"
    },

    "199": {
        "name": "Nazrin",
        "origin": "Touhou Project",
        "image": "https://mywaifulist.s3-us-west-1.amazonaws.com/waifus/4482/00d7284fcf16d6f517e6b6242dd667910d88fb23b9de553fb702f84bf21dea39.jpeg"
    },

    "200": {
        "name": "Nue Houjuu",
        "origin": "Touhou Project",
        "image": "https://mywaifulist.s3-us-west-1.amazonaws.com/waifus/4489/57bce9aa7edce50370b7c8634179f5dc2440c486b5e60a365d1dab28fb801553.png"
    },

    "201": {
        "name": "Sagume Kishin",
        "origin": "Touhou Project",
        "image": "https://mywaifulist.s3-us-west-1.amazonaws.com/waifus/4489/57bce9aa7edce50370b7c8634179f5dc2440c486b5e60a365d1dab28fb801553.png"
    },

    "202": {
        "name": "Natsugawa Kuina",
        "origin": "Hinako Note",
        "image": "https://mywaifulist.s3-us-west-1.amazonaws.com/waifus/5389/4eeba660ac54f53ad003e31942ffaf22a500628cc304f63f724a85d0904451ce.jpeg"
    },

    "203": {
        "name": "Cagliostro",
        "origin": "Granblue Fantasy the Animation",
        "image": "https://mywaifulist.s3-us-west-1.amazonaws.com/waifus/2984/6cb632ae86d5d1b0885d624c717fd8fb57b5c6e43223f5e2ac17a81160f2e581.png"
    },

    "204": {
        "name": "Liliyn Li Reysis Redrose",
        "origin": "Konjiki no Moji Tsukai",
        "image": "https://mywaifulist.s3-us-west-1.amazonaws.com/waifus/4148/f78d2e77e9852a7d5d15c799599170520fb4f507ad4651b1c4d3042b256b2f68.jpeg"
    },

    "205": {
        "name": "Nia Honjou",
        "origin": "Date a Live",
        "image": "https://mywaifulist.s3-us-west-1.amazonaws.com/waifus/3150/f0f2d1de2573334703840fa87e09abfcae58add4e5bacd9d8bba9801cffab231.png"
    },

    "206": {
        "name": "Sephie Michaela Deviluke",
        "origin": "To Love-ru",
        "image": "https://mywaifulist.s3-us-west-1.amazonaws.com/waifus/1838/d99eef330c23a5af867cb5c3b921e05892dffbdb95d60f1d0ec42bfba5b28640.jpeg"
    },

    "207": {
        "name": "Mitani Kanae",
        "origin": "Tamayura",
        "image": "https://mywaifulist.s3-us-west-1.amazonaws.com/waifus/3798/c930aca5f0ea7a01c738fab8eddcd6e9a0f3779b668d836a5b28fd1485d8b778.jpeg"
    },

    "208": {
        "name": "Alpha No. 1",
        "origin": "Blazblue",
        "image": "https://mywaifulist.s3-us-west-1.amazonaws.com/waifus/3033/64a74178db92587c15c166e340048cb251dfc8b7afbd44dba7fe822cd4f2ac5d.png"
    },

    "209": {
        "name": "Rachel Alucard",
        "origin": "Blazblue",
        "image": "https://mywaifulist.s3-us-west-1.amazonaws.com/waifus/2761/d010e10b292260c438fff781f317f90ed9db1e2452362cd4b7c3977da8aa64e8.jpeg"
    },

    "210": {
        "name": "Taokaka",
        "origin": "Blazblue",
        "image": "https://mywaifulist.s3-us-west-1.amazonaws.com/waifus/2953/a1e358ac77a37eb84a1b2f7a9fef1562493390f319ec9664da4413f8c7b4574d.jpeg"
    },

    "211": {
        "name": "Kokonoe Mercury",
        "origin": "Blazblue",
        "image": "https://mywaifulist.s3-us-west-1.amazonaws.com/waifus/8030/13ad0b5efc697f6e77c9c97f54519acf06990e42484a32b0f28b2669937650be.jpeg"
    },

    "212": {
        "name": "Celica Ayatsuki Mercury",
        "origin": "Blazblue",
        "image": "https://mywaifulist.s3-us-west-1.amazonaws.com/waifus/7672/6d957a428d36ed90acec0c49a8b475ac7ed59220c5d69536f321cfeeb2bfa315.png"
    },

    "213": {
        "name": "Zero",
        "origin": "Drakenguard 3",
        "image": "https://mywaifulist.s3-us-west-1.amazonaws.com/waifus/807/251393a2a4f13bad20283bb91739eb71ada29b3a9e403877fcfbc3bd6a0efbb1.jpeg"
    },

    "214": {
        "name": "Saika Totsuka",
        "origin": "Yahari Ore no Seishun Love Comedy wa Machigatteiru",
        "image": "https://mywaifulist.s3-us-west-1.amazonaws.com/waifus/635/21ad9a4fe9237afad603374dffe86f7e30fca956e7f2e9a5722a3a02365bdd14.jpeg"
    },

    "215": {
        "name": "Saki Kawasaki",
        "origin": "Yahari Ore no Seishun Love Comedy wa Machigatteiru",
        "image": "https://mywaifulist.s3-us-west-1.amazonaws.com/waifus/6214/de527ce43e361c352d303e17d0679efc60464ccb2a1c095494e66f7140d5d712.png"
    },

    "216": {
        "name": "Yui Yuigahama",
        "origin": "Yahari Ore no Seishun Love Comedy wa Machigatteiru",
        "image": "https://mywaifulist.s3-us-west-1.amazonaws.com/waifus/721/ec270f311433d259e606492abc7cec48a8cbd5aeee65e5ff104856477798d389.jpeg"
    },

    "217": {
        "name": "Yukino Yukinoshita",
        "origin": "Yahari Ore no Seishun Love Comedy wa Machigatteiru",
        "image": "https://mywaifulist.s3-us-west-1.amazonaws.com/waifus/509/54be11840a6b2544b12b03a8a55bcbd2cd63da4bbeba5601c9b01215fd1c8f15.png"
    },

    "218": {
        "name": "Helena Blavatsky",
        "origin": "Fate/Grand Order",
        "image": "https://mywaifulist.s3-us-west-1.amazonaws.com/waifus/5292/f9b7cdc563d45d44f9f065bbf6131210c38826c95f245de073612239b176612b.png"
    },

    "219": {
        "name": "Neopolitan",
        "origin": "RWBY",
        "image": "https://mywaifulist.s3-us-west-1.amazonaws.com/waifus/1495/cddd38c2152d869efe77287262d2a80faf23195ec9cfea38fc14b341e25e80f2.jpeg"
    },

    "220": {
        "name": "Ruby Rose",
        "origin": "RWBY",
        "image": "https://mywaifulist.s3-us-west-1.amazonaws.com/waifus/427/7e9085bc4fd40b0193a92c2d3aed5cc0bae2c26beac8fca827dde8f8db837944.png"
    },

    "221": {
        "name": "Elina Olegovna Obeh",
        "origin": "Dracu-Riot!",
        "image": "https://mywaifulist.s3-us-west-1.amazonaws.com/waifus/7425/d613d0ca73b880ff73504a0ffae84c2723c989d411de10e6c5a68b90e184fef0.jpeg"
    },

    "222": {
        "name": "Haruna Kamijo",
        "origin": "The Idolm@ster: Cinderella Girls",
        "image": "https://mywaifulist.s3-us-west-1.amazonaws.com/waifus/7297/f42b84ce3df252c40ac3e66cf7f6f3af7a98f561373468c9fa4124968644bda2.png"
    },

    "223": {
        "name": "Cynthia",
        "origin": "Pokemon",
        "image": "https://mywaifulist.s3-us-west-1.amazonaws.com/waifus/163/cf597e00b11221a6d80514ba54167fc40cee797009f906ce2f6d72720e2f4030.png"
    },

    "224": {
        "name": "Soma Peries",
        "origin": "Mobile Suit Gundam",
        "image": "https://mywaifulist.s3-us-west-1.amazonaws.com/waifus/3630/b04ad573368f380daffdc76882a2acb7042d868e07a79c19bbc34e688aaca50e.jpeg"
    },

    "225": {
        "name": "Jury",
        "origin": "Soccer Spirits",
        "image": "https://mywaifulist.s3-us-west-1.amazonaws.com/waifus/7748/dfe6d53146290d52b1942bbac2575cde9badc052ccb3d7ef2b87fe1244dad337.png"
    },

    "226": {
        "name": "Eris Boreas Greyrat",
        "origin": "Mushoku Tensei: Isekai Ittara Honki Dasu",
        "image": "https://mywaifulist.s3-us-west-1.amazonaws.com/waifus/6508/e2cb3fcaa92eb0b7459b08105c0f844884fcf192b5e2b2d4b371d0ca84d0ed05.jpeg"
    },

    "227": {
        "name": "Rinia Dedorudia",
        "origin": "Mushoku Tensei: Isekai Ittara Honki Dasu",
        "image": "https://mywaifulist.s3-us-west-1.amazonaws.com/waifus/6512/9e8caa199855665bd93ca0bf0aba4afe0edbf25266f702d4bd04a0118a7908c1.jpeg"
    },

    "228": {
        "name": "Kishirika Kishirisu",
        "origin": "Mushoku Tensei: Isekai Ittara Honki Dasu",
        "image": "https://mywaifulist.s3-us-west-1.amazonaws.com/waifus/6519/f2e9d84dedf44f6c99e012527b2032b4ebc5a9416c8c1a148605dfcbf82faf5e.jpeg"
    },

    "229": {
        "name": "Yume",
        "origin": "Grimgar of Fantasy and Ash",
        "image": "https://mywaifulist.s3-us-west-1.amazonaws.com/waifus/1509/97cab3ac1492d859260465048bc6ea67caed703cae3b5de4800c9aee75d2ef12.jpeg"
    },

    "230": {
        "name": "Ruby Kurosawa",
        "origin": "Love Live! School Idol Project",
        "image": "https://mywaifulist.s3-us-west-1.amazonaws.com/waifus/395/abafe0efa2434bc6cf0d1e42e47b084d6f458b966dddd576f0e3f00a67e40ad9.jpeg"
    },

    "231": {
        "name": "Sistine Fibel",
        "origin": "Rokudenashi Majutsu Koushi to Akashic Records",
        "image": "https://mywaifulist.s3-us-west-1.amazonaws.com/waifus/4111/63115e780aaab789a8c1717eb95e6f21a5311d7c174d68a2b7961942a66022e9.png"
    },

    "232": {
        "name": "Medusa",
        "origin": "Fate/Stay Night",
        "image": "https://mywaifulist.s3-us-west-1.amazonaws.com/waifus/814/e7f468869ddc870625f4b9e12e8ceec5d60196383b7af0117625ac4863e7aa11.jpeg"
    },

    "233": {
        "name": "Atalanta",
        "origin": "Fate/Apocrypha",
        "image": "https://memestatic.fjcdn.com/pictures/Summer+atalanta+medium+mentionlist+fatestuff_f20ce8_6377399.jpg"
    },

    "234": {
        "name": "Semiramis",
        "origin": "Fate/Apocrypha",
        "image": "https://mywaifulist.s3-us-west-1.amazonaws.com/waifus/3117/64cb4672639e7e46d96964d0681512fe920f41ef4862aa5244b39be698a4be8f.png"
    },

    "235": {
        "name": "Miyamoto Musashi",
        "origin": "Fate/Grand Order",
        "image": "https://mywaifulist.s3-us-west-1.amazonaws.com/waifus/3988/4e95a71052b8209e0ff66d6f41b506736093242840b93a639e250acce5ab77db.png"
    },

    "236": {
        "name": "Artemis",
        "origin": "Fate/Grand Order",
        "image": "https://mywaifulist.s3-us-west-1.amazonaws.com/waifus/3962/b3d67e3198fd1e7d1307bb335028f475574c9617e85d301d5908605424c020ba.png"
    },

    "237": {
        "name": "Marie Antoinette",
        "origin": "Fate/Grand Order",
        "image": "https://mywaifulist.s3-us-west-1.amazonaws.com/waifus/3954/ed7a8d6f5a5af28fc18876c037275e24de64df51e0a0847625d907a66fa70c19.png"
    },

    "238": {
        "name": "Kiyohime",
        "origin": "Fate/Grand Order",
        "image": "https://mywaifulist.s3-us-west-1.amazonaws.com/waifus/2967/7b051c375aecf2695b706b3d2253ab184780c6b0afd7fa5c5fb25705cb801232.png"
    },

    "239": {
        "name": "Shouten Douji",
        "origin": "Fate/Grand Order",
        "image": "https://mywaifulist.s3-us-west-1.amazonaws.com/waifus/2052/2d258d37d4d92c8dc0325aac16dcca2d66689c50316d038a7ca21c050c235770.png"
    },

    "240": {
        "name": "Ishtar",
        "origin": "Fate/Grand Order",
        "image": "https://mywaifulist.s3-us-west-1.amazonaws.com/waifus/1261/f7c1ea148d1ca63c07245fff89b7010088dd004eaf865a8b49e4a99c3c243f7b.jpeg"
    },

    "241": {
        "name": "Brynhildr",
        "origin": "Fate/Grand Order",
        "image": "https://mywaifulist.s3-us-west-1.amazonaws.com/waifus/1261/f7c1ea148d1ca63c07245fff89b7010088dd004eaf865a8b49e4a99c3c243f7b.jpeg"
    },

    "242": {
        "name": "Elizabeth Bathory",
        "origin": "Fate/Extra",
        "image": "https://mywaifulist.s3-us-west-1.amazonaws.com/waifus/3001/0f95de3e92a92c2ed3d6c62fce7de95f064d56334666b4b2096235c565521913.jpeg"
    },

    "243": {
        "name": "Tamamo-no-Mae",
        "origin": "Fate/Extra",
        "image": "https://mywaifulist.s3-us-west-1.amazonaws.com/waifus/685/fc87ebfc3f1dc859ae62260b22c8eca126c4bf72951842d0f45a7d21b11655ba.png"
    },

    "244": {
        "name": "Scathach",
        "origin": "Fate/Grand Order",
        "image": "https://mywaifulist.s3-us-west-1.amazonaws.com/waifus/33/05f38799478377eea1a50ee789b8b33a4455c13f6ee3cba10055f037207aead9png."
    },

    "245": {
        "name": "Aoba Suzukaze",
        "origin": "New Game!",
        "image": "https://mywaifulist.s3-us-west-1.amazonaws.com/waifus/416/0d5ebb57444b79410955cdd2689f07708bbcd1e6cef9bba85ee9b5f493c6e050.jpeg"
    },

    "246": {
        "name": "Yue",
        "origin": "Arifureta Shokugyou de Sekai Saikyou",
        "image": "https://mywaifulist.s3-us-west-1.amazonaws.com/waifus/2898/d6a3f4b0c11653e7ecf1422e4333e9f23c2a8f558a599c3b790b6caaf0b1bf1d.jpeg"
    },

    "247": {
        "name": "Shia Hauria",
        "origin": "Arifureta Shokugyou de Sekai Saikyou",
        "image": "https://mywaifulist.s3-us-west-1.amazonaws.com/waifus/5078/287827fb03e9b14f268d51b645297126c87a3c7a760cd822ce71c934cbdf2beb.jpeg"
    },

    "248": {
        "name": "Escha Mailer",
        "origin": "Atelier Series",
        "image": "https://mywaifulist.s3-us-west-1.amazonaws.com/waifus/4086/f2a0dde9b8860d935d74a42a89b2133b87f8aa281d30c0faff0364a34842b096.jpeg"
    },

    "249": {
        "name": "Hana N. Fountainstand",
        "origin": "Hanayamata",
        "image": "https://mywaifulist.s3-us-west-1.amazonaws.com/waifus/5652/e5d6687d904be743946ad3df92357a51b0219da7af5adb9861eeaed4c67ba521.jpeg"
    },

    "250": {
        "name": "Jo Carpenter",
        "origin": "Burst Angel",
        "image": "https://mywaifulist.s3-us-west-1.amazonaws.com/waifus/3274/359d65ac00b7cbc8cf46ed10790303fd9dc147e6784ec34b0637f08e6ef10700.jpeg"
    },

    "251": {
        "name": "Ritsu Kawai",
        "origin": "The Kawai Complex Guide to Manors and Hostel Behavior",
        "image": "https://mywaifulist.s3-us-west-1.amazonaws.com/waifus/380/a3bf9690309632b063b0ff29e5ddb0817fbfe2f72611f8fa3254282726c74744.jpeg"
    },

    "252": {
        "name": "Kuronekohime",
        "origin": "Hyperdimension Neptunia",
        "image": "https://mywaifulist.s3-us-west-1.amazonaws.com/waifus/2498/475bdcfc9d10eb2a80fd9f28ab8ce4c8a3bd71662976a36335f62d853c2ce026.png"
    },

    "253": {
        "name": "Financier",
        "origin": "Hyperdimension Neptunia",
        "image": "https://mywaifulist.s3-us-west-1.amazonaws.com/waifus/5141/af97f84ac1e6104427a75597d3626a0a6d3dc9162f654c1598ca2b1aaa767592.png"
    },

    "254": {
        "name": "Battleship Princess",
        "origin": "Kantai Collection",
        "image": "https://pbs.twimg.com/profile_images/664850456112312320/i-obDaI3.jpg"
    },

    "255": {
        "name": "Shana",
        "origin": "Shakugan no Shana",
        "image": "https://s-media-cache-ak0.pinimg.com/originals/8c/9d/20/8c9d2034b9079cfcbce41b8a17b4ccca.jpg"
    },

    "256": {
        "name": "Lenalee Lee",
        "origin": "D.Gray-man",
        "image": "https://vignette.wikia.nocookie.net/dgrayman/images/0/0c/Lenalee_Hallow.png/revision/latest?cb=20160906174650"
    },

    "257": {
        "name": "Hikari",
        "origin": "Pokemon",
        "image": "http://i.imgur.com/TmkjXLD.jpg"
    },

    "258": {
        "name": "Nelliel Tu Odelschwanck",
        "origin": "Bleach",
        "image": "https://dailyanimeart.files.wordpress.com/2017/01/nelliel-tu-odelschwanck-by-sciamano240.jpg?w=1112"
    },

    "259": {
        "name": "Tomoko Kuroki",
        "origin": "Watamote",
        "image": "https://mywaifulist.s3-us-west-1.amazonaws.com/waifus/89/9ae71910b8e8e84b6ebd60770ca090467d221c15e57db08db53dc08a7e4a7ee9.jpeg"
    },

    "260": {
        "name": "Euryale",
        "origin": "Fate/Grand Order",
        "image": "https://pbs.twimg.com/media/C46wfizUYAAaRnQ.jpg"
    },

    "261": {
        "name": "Astarotte Ygvar",
        "origin": "Lotte's Toy!",
        "image": "https://mywaifulist.s3-us-west-1.amazonaws.com/waifus/2812/f58f8c3093c9ccf9d55f5d70d19ed304defe5b9951e7e30fa23a9bfc9ea3fa74.png"
    },

    "262": {
        "name": "Ryuuguu Otohime",
        "origin": "Ookami-san to Shichinin no Nakamatchi",
        "image": "https://mywaifulist.s3-us-west-1.amazonaws.com/waifus/4574/720993c8aac9bb0942dd0a6ec48483b5d2feed7faf4c249f830aa1377eafbfd8.png"
    },

    "263": {
        "name": "Ryouko Ookami",
        "origin": "Ookami-san to Shichinin no Nakamatchi",
        "image": "https://mywaifulist.s3-us-west-1.amazonaws.com/waifus/3391/f62a16ec2a2c9a962b9cbdec201120c38de3b12e8cdc0576077644e010cd1cfe.jpeg"
    },

    "264": {
        "name": "Ruri Gokou",
        "origin": "Oreimo",
        "image": "https://mywaifulist.s3-us-west-1.amazonaws.com/waifus/826/b10cf069447c809e4ee1cdfce4797c04d0a5faea671039dd9eea01bd9e88ba3d.jpeg"
    },

    "265": {
        "name": "Aragaki Ayase",
        "origin": "Oreimo",
        "image": "https://mywaifulist.s3-us-west-1.amazonaws.com/waifus/6708/74d39589b11523429171e98a2a0b01e9c2f3b7fc03264674e36e6bd8dd9caaf5.jpeg"
    },

    "266": {
        "name": "Saori Makishima",
        "origin": "Oreimo",
        "image": "https://mywaifulist.s3-us-west-1.amazonaws.com/waifus/4055/b2fbd81ff49c6e57d674d239d4503d35340517777e3bfc207744f80b3600a132.jpeg"
    },

    "267": {
        "name": "Aoi Kunieda",
        "origin": "Beelzebub",
        "image": "https://mywaifulist.s3-us-west-1.amazonaws.com/waifus/2713/ab35e99d483be16299a29aeef986e9aab82af8bc913273f27a8b98f1bafc3b98.jpeg"
    },

    "268": {
        "name": "Faris Nyannyan",
        "origin": "Steins;Gate",
        "image": "https://mywaifulist.s3-us-west-1.amazonaws.com/waifus/1535/982facc28614207f4470c1ad0926e94f64ee7a6dc19a16c8c4850ab47ae53431.jpeg"
    },

    "269": {
        "name": "Satsuki Kiryuuin",
        "origin": "Kill la Kill",
        "image": "https://mywaifulist.s3-us-west-1.amazonaws.com/waifus/2/096335328e07b69f3d3b78da03820f0c1da782757273998cc5df496faf5e22a3jpeg"
    },

    "270": {
        "name": "Perrine H. Clostermann",
        "origin": "Strike Witches",
        "image": "https://mywaifulist.s3-us-west-1.amazonaws.com/waifus/3963/d0e14cbec1fb0841a88c22a9ee0877136d239fccfdce9cee804bc184bfc28141.jpeg"
    },

    "271": {
        "name": "Taiga Aisaka",
        "origin": "Toradora!",
        "image": "https://mywaifulist.s3-us-west-1.amazonaws.com/waifus/57/b632c34cf76cb4f301c91b13547747718090db171784f8931a481837eca09c01.png"
    },

    "272": {
        "name": "Hibari",
        "origin": "Senran Kagura",
        "image": "https://mywaifulist.s3-us-west-1.amazonaws.com/waifus/2648/01e070700c16056c85ef2ca087f4c9e913a38a97117cfc99725d2ad5c7a2f1ad.png"
    },

    "273": {
        "name": "Shiki",
        "origin": "Senran Kagura",
        "image": "https://mywaifulist.s3-us-west-1.amazonaws.com/waifus/2663/3070392b017a91faa6a0bbfb0716b90a97b643fba08caa7925e2fa8b38b65e69.png"
    },

    "274": {
        "name": "Kana Tatebayashi",
        "origin": "Yozakura Quartet",
        "image": "https://mywaifulist.s3-us-west-1.amazonaws.com/waifus/5274/40034e282c39b03d27e4f6a696ec995d2e68421c7c6c2e4ac58881dd2865447c_thumb.png"
    },

    "275": {
        "name": "Yae Shinatsuhiko",
        "origin": "Yozakura Quartet",
        "image": "https://mywaifulist.s3-us-west-1.amazonaws.com/waifus/6712/3a097205443ed0fa76084a4450932ae06654b078de8979fc95b015d0981f96fe_thumb.jpeg"
    },

    "276": {
        "name": "Tsugumi Aoba",
        "origin": "Kannagi",
        "image": "https://mywaifulist.s3-us-west-1.amazonaws.com/waifus/1508/e30d32135460f0620f23c2322c7d85c4d9c9b5fa5f0147b43135ad60b55b04f3_thumb.png"
    },

    "277": {
        "name": "Nagi",
        "origin": "Kannagi",
        "image": "https://mywaifulist.s3-us-west-1.amazonaws.com/waifus/5603/6fe1bad5f4cb0d4682038a931e4d7827f4ea29a8e834d37c1f48b8d442bb7d4e_thumb.jpeg"
    },

    "278": {
        "name": "Zange",
        "origin": "Kannagi",
        "image": "https://mywaifulist.s3-us-west-1.amazonaws.com/waifus/5604/432618bc65f955102574471637d5ffdacf29a79a24d6da88e69ca96019e5e5fe_thumb.png"
    },

    "279": {
        "name": "Azusa Nakano",
        "origin": "K-ON!",
        "image": "https://mywaifulist.s3-us-west-1.amazonaws.com/waifus/688/754b3fbafcfeb5019e170261f077f41ced2e8e4ba8eb8f211c10f8f50952ce45.jpeg"
    },

    "280": {
        "name": "Mio Akiyama",
        "origin": "K-ON!",
        "image": "https://mywaifulist.s3-us-west-1.amazonaws.com/waifus/260/0fc405dec9aa8254696bd30dfacfeacf7534ed7101cbd64794a1d1d12b991f5e_thumb.jpeg"
    },

    "281": {
        "name": "Maria Ushiromiya",
        "origin": "Umineko no Naku Kuro ni",
        "image": "https://mywaifulist.s3-us-west-1.amazonaws.com/waifus/371/65025dde3950c154af5a3fd46ba0d652841f7b6d0035c7b9a3dde996a6803c42_thumb.jpeg"
    },

    "282": {
        "name": "Virgilia",
        "origin": "Umineko no Naku Kuro ni",
        "image": "https://mywaifulist.s3-us-west-1.amazonaws.com/waifus/374/9aee5d789aa1b5cd73cd9a453927aba05b011664518df1ec736b986251cc3a41_thumb.jpeg"
    },

    "283": {
        "name": "Hitagi Senjougahara",
        "origin": "Monogatari",
        "image": "https://mywaifulist.s3-us-west-1.amazonaws.com/waifus/262/1289a42d80717ce4fb0767ddc6c2a19cae5b897d4efe8260401aaacdba166f6e_thumb.jpeg"
    },

    "284": {
        "name": "Hachikuji Mayoi",
        "origin": "Monogatari",
        "image": "https://mywaifulist.s3-us-west-1.amazonaws.com/waifus/560/6e71e94810bf4d65b6f1d795fddea9c76391b05681118c223d6042a4f1f70cc2_thumb.jpeg"
    },

    "285": {
        "name": "Sodachi Oikura",
        "origin": "Monogatari",
        "image": "https://mywaifulist.s3-us-west-1.amazonaws.com/waifus/795/271a8d646e3124e07eb0ff518e2c0d57cfd9affb407c9f2a72c59241c364aa74.jpeg"
    },

    "286": {
        "name": "Yotsugi Ononoki",
        "origin": "Monogatari",
        "image": "https://mywaifulist.s3-us-west-1.amazonaws.com/waifus/611/409c7fa8ee73e3e9bca57a102fb3f6fb32b3fc454a206e52c8435e23ada5ae88.png"
    },

    "287": {
        "name": "Nemesis",
        "origin": "To Love-ru",
        "image": "https://mywaifulist.s3-us-west-1.amazonaws.com/waifus/1344/25cb092e5d9435c4cafa824d452b116d7fa5ef67a98ccfc54904cb5272d8a687_thumb.jpeg"
    },

    "288": {
        "name": "Nana Astar Deviluke",
        "origin": "To Love-ru",
        "image": "https://mywaifulist.s3-us-west-1.amazonaws.com/waifus/2001/5318e2751b4a527b7d9bcd420a6a1819483598055012044fba068644797daa25_thumb.png"
    },

    "289": {
        "name": "Eruka Frog",
        "origin": "Soul Eater",
        "image": "https://lh3.googleusercontent.com/-lsVEpvpo2xw/Vem99CBZi6I/AAAAAAAAAD4/Bd4B8145-iw/w427-h640/Erukafrog.jpg"
    },

    "290": {
        "name": "Rossweisse",
        "origin": "High School DxD",
        "image": "https://mywaifulist.s3-us-west-1.amazonaws.com/waifus/3620/1536f1ee89e1575aa78378eb08f6f1faeaba6c937562bbc2be63c98c9bc54b7e_thumb.jpeg"
    },

    "291": {
        "name": "Kaede Akamatsu",
        "origin": "Danganronpa",
        "image": "https://mywaifulist.s3-us-west-1.amazonaws.com/waifus/3018/ace153d1f53f0c58c33b25653d211c3aabde8a2b348d49869471b7edd6314049_thumb.png"
    },

    "292": {
        "name": "Monaka Tōwa",
        "origin": "Danganronpa",
        "image": "https://mywaifulist.s3-us-west-1.amazonaws.com/waifus/1646/bab79fdb4e167161b1853ca6b0e04cc27593a7d2f994da98535d8f485c6ae923_thumb.png"
    },

    "293": {
        "name": "Koizumi Mahiru",
        "origin": "Danganronpa",
        "image": "https://mywaifulist.s3-us-west-1.amazonaws.com/waifus/1351/690a38dc43e4a8baf8d0ef02ef685c9739820d31f77470e86534cd3683d79174_thumb.jpeg"
    },

    "294": {
        "name": "Blair",
        "origin": "Soul Eater",
        "image": "https://mywaifulist.s3-us-west-1.amazonaws.com/waifus/2371/b30c9902f238bd9f5728569dd2b683c0952d883926cee43ef46ddf6798acf012_thumb.png"
    },

    "295": {
        "name": "Nymph",
        "origin": "Sora no Otoshimono",
        "image": "https://mywaifulist.s3-us-west-1.amazonaws.com/waifus/78/39821b4ebf302240b57231d4a1614fb22b5652f8bf86eaa70fc6ac730e6630f3_thumb.jpeg"
    },

    "296": {
        "name": "Wolbach",
        "origin": "KonoSuba",
        "image": "https://mywaifulist.s3-us-west-1.amazonaws.com/waifus/6575/ce4bb8907734e730a16f2a43c95bae3c9fec2ced7076563ccc60c006e22fc087_thumb.jpeg"
    },

    "297": {
        "name": "Cecily",
        "origin": "KonoSuba",
        "image": "https://mywaifulist.s3-us-west-1.amazonaws.com/waifus/6577/2280cb3d65cfb9404573e7fc9f19b7f69efee7d006029b450a87d524ceb9843b_thumb.jpeg"
    },

    "298": {
        "name": "Receptionist Succubus",
        "origin": "KonoSuba",
        "image": "https://mywaifulist.s3-us-west-1.amazonaws.com/waifus/6581/7a9ee1afaa1f5647ba42f9db20f6aac3ba6c58e0fb16c7f176bb5f31a82bb1b7_thumb.png"
    },

    "299": {
        "name": "Newbie Succubus",
        "origin": "KonoSuba",
        "image": "https://mywaifulist.s3-us-west-1.amazonaws.com/waifus/6580/d0d13d6c66a844de605537e1d79358101e5627924572e442b3fc0e616ea41ec6_thumb.png"
    },

    "300": {
        "name": "Luna",
        "origin": "KonoSuba",
        "image": "https://mywaifulist.s3-us-west-1.amazonaws.com/waifus/3804/701370155160e9809f862bae76a9b06f7c0a0a45a92d78cd305de1ce7e493998_thumb.jpeg"
    },

    "301": {
        "name": "Chiaki Nanami",
        "origin": "Danganronpa",
        "image": "https://mywaifulist.s3-us-west-1.amazonaws.com/waifus/36/05cce46912255356cecdb2969e7adcd5e683735935c54c9b8d3a61dc47403b4ejpeg_thumb."
    },

    "302": {
        "name": "Chisa Yukizome",
        "origin": "Danganronpa",
        "image": "https://mywaifulist.s3-us-west-1.amazonaws.com/waifus/662/ced9dd74a274ed7a3f5ba87012716b2d5f24144866f3a0a52ec29efc44ad8884_thumb.jpeg"
    },

    "303": {
        "name": "Sakurako Ōmuro",
        "origin": "Yuru Yuri",
        "image": "https://mywaifulist.s3-us-west-1.amazonaws.com/waifus/1764/4fb8981d42e96ec7afccd47e4ba5cffee54588aab798dcbc196bfda599c3b6a8_thumb.jpeg"
    },

    "304": {
        "name": "Kanade Suzutsuki",
        "origin": "Mayo Chiki!",
        "image": "https://mywaifulist.s3-us-west-1.amazonaws.com/waifus/2800/302f4b3614079f47e5a6f743fdab7520bb4ce1dee24f07735229cb8a29906a31_thumb.jpeg"
    },

    "305": {
        "name": "Attila the Hun",
        "origin": "Fate/Extella",
        "image": "https://mywaifulist.s3-us-west-1.amazonaws.com/waifus/7443/fc25f921c37b9b8b3d7b7cb6ee831b4effed4d4ec8a57872e41800e02e842d01_thumb.png"
    },

    "306": {
        "name": "Chloe von Einzbern",
        "origin": "Fate/Kaleid Liner Prisma Illya",
        "image": "https://mywaifulist.s3-us-west-1.amazonaws.com/waifus/785/d4295ac2e70932aba6f4ad506a378df19f9a4eb867ef7bfe429c1af8fc510a3b_thumb.png"
    },

    "307": {
        "name": "Elizabeth Ballory",
        "origin": "Fate/Extra",
        "image": "https://mywaifulist.s3-us-west-1.amazonaws.com/waifus/3001/0f95de3e92a92c2ed3d6c62fce7de95f064d56334666b4b2096235c565521913_thumb.jpeg"
    },

    "308": {
        "name": "Nursery Rhyme",
        "origin": "Fate/Extra",
        "image": "https://mywaifulist.s3-us-west-1.amazonaws.com/waifus/2092/821edda669f7abe48e8df4e571512893b92df1968328719cb212cf50dc3c0e4d_thumb.png"
    },

    "309": {
        "name": "Francis Drake",
        "origin": "Fate/Extra",
        "image": "https://mywaifulist.s3-us-west-1.amazonaws.com/waifus/2080/debb1969cce69295012a2989d81d057e78e8a8de4f8b7ab43b24a429ccaa883e_thumb.png"
    },

    "310": {
        "name": "Frankenstein Monster",
        "origin": "Fate/Apocrypha",
        "image": "https://mywaifulist.s3-us-west-1.amazonaws.com/waifus/6863/b7561b57ac06ab6f57c47da72c92f4344e86a13a443e6a97f3497b88ed965480_thumb.png"
    },

    "311": {
        "name": "Mordred",
        "origin": "Fate/Apocrypha",
        "image": "https://mywaifulist.s3-us-west-1.amazonaws.com/waifus/47/92f3ca3d6402c890f798c9da90988ecbeb2a248f601c301492f6b8de6298da1b_thumb.png"
    },

    "312": {
        "name": "Ibaraki Douji",
        "origin": "Fate/Grand Order",
        "image": "https://mywaifulist.s3-us-west-1.amazonaws.com/waifus/8396/35de64e9469374e54974d38eb3fd5302d359509e81369104333d3caef48df429_thumb.png"
    },

    "313": {
        "name": "Wu Zetian",
        "origin": "Fate/Grand Order",
        "image": "https://mywaifulist.s3-us-west-1.amazonaws.com/waifus/8170/4b637db697b78e4f96369ab9202cffdd69cda80f575d21eade4eb8a236a104d0_thumb.png"
    },

    "314": {
        "name": "Queen Medb",
        "origin": "Fate/Grand Order",
        "image": "https://mywaifulist.s3-us-west-1.amazonaws.com/waifus/38/e969825e0f9d9f6e3e0738ff1a6ccb14d5f7f320d9737117fede40075a098857jpeg_thumb."
    },

    "315": {
        "name": "Tamamo Cat",
        "origin": "Fate/Grand Order",
        "image": "https://mywaifulist.s3-us-west-1.amazonaws.com/waifus/32/dbed8396774590dde3b84c2e118cd75e511afd069c4d295c62ce7b58c0fc267apng_thumb."
    },

    "316": {
        "name": "Inori Yuzuiha",
        "origin": "Guilty Crown",
        "image": "https://mywaifulist.s3-us-west-1.amazonaws.com/waifus/533/de60615b0784b7692030e086f074651d8252851c2af90c0a6d5f24c7fa7cf763.jpeg"
    },

    "317": {
        "name": "Yui Ohtsuki",
        "origin": "The Idolm@ster: Cinderella Girls",
        "image": "https://mywaifulist.s3-us-west-1.amazonaws.com/waifus/7317/ff854def3bb80249554b8595135953cfc0ce7083dd5034ab07266be9d1b69adb_thumb.png"
    },

    "318": {
        "name": "Noriko Shiina",
        "origin": "The Idolm@ster: Cinderella Girls",
        "image": "https://mywaifulist.s3-us-west-1.amazonaws.com/waifus/7294/83aea887ab8bfd103828e7c21a4fc165b282f827b3cdd84a4c82a64fd868228f_thumb.png"
    },

    "319": {
        "name": "Momoka Sakurai",
        "origin": "The Idolm@ster: Cinderella Girls",
        "image": "https://mywaifulist.s3-us-west-1.amazonaws.com/waifus/7293/374df17094facc56cf9762c43e85993dd0352dcbfd4de028ea092e85e447939b_thumb.png"
    },

    "320": {
        "name": "Kyoko Igarashi",
        "origin": "The Idolm@ster: Cinderella Girls",
        "image": "https://mywaifulist.s3-us-west-1.amazonaws.com/waifus/7285/9ccae491a012b99e0ffbddadcff657a444ee502629ccde0cb59410b0ed0de13b_thumb.png"
    },

    "321": {
        "name": "Nana Abe",
        "origin": "The Idolm@ster: Cinderella Girls",
        "image": "https://mywaifulist.s3-us-west-1.amazonaws.com/waifus/7282/4bcc76dc4f596c445c8ffc4564eba423551a6da467b0afc75c030a8eab76cdba_thumb.png"
    },

    "322": {
        "name": "Kamiya Nao",
        "origin": "The Idolm@ster: Cinderella Girls",
        "image": "https://mywaifulist.s3-us-west-1.amazonaws.com/waifus/6683/c20cf7ef6a9b1f578773dfaccdeda593f9206b27c683bb155327fb1b4b0bd605_thumb.jpeg"
    },

    "323": {
        "name": "Aki Yamoto",
        "origin": "The Idolm@ster: Cinderella Girls",
        "image": "https://mywaifulist.s3-us-west-1.amazonaws.com/waifus/6539/677cf4c02061143d45831c6e40b786b597443b71879ae4f543cf315e1b8f27b8_thumb.png"
    },

    "324": {
        "name": "Mirei Hayasaka",
        "origin": "The Idolm@ster: Cinderella Girls",
        "image": "https://mywaifulist.s3-us-west-1.amazonaws.com/waifus/4343/522c6e17002da69909a8e7d16a74b45be767ce3ed4a0af41e52d6bd233dacbf4_thumb.png"
    },

    "325": {
        "name": "Miku Maekawa",
        "origin": "The Idolm@ster: Cinderella Girls",
        "image": "https://mywaifulist.s3-us-west-1.amazonaws.com/waifus/4398/7d5eb5f7c615fd9532c8a36c6ce127222c3eff6bc90bc4beeefca98953d71c9c_thumb.jpeg"
    },

    "326": {
        "name": "Futaba Anzu",
        "origin": "The Idolm@ster: Cinderella Girls",
        "image": "https://mywaifulist.s3-us-west-1.amazonaws.com/waifus/3779/fb08cace0fb4e58362c08aefffa61786350b6f18a82d26a1ec5715df47c33ceb_thumb.jpeg"
    },

    "327": {
        "name": "Sachiko Koshimizu",
        "origin": "The Idolm@ster: Cinderella Girls",
        "image": "https://mywaifulist.s3-us-west-1.amazonaws.com/waifus/857/9daaba88111077c0be5eab730dd85b8773c84bf59256a3d9ab94e71cad5f90ee_thumb.jpeg"
    },

    "328": {
        "name": "Iori Minase",
        "origin": "The Idolm@ster",
        "image": "https://mywaifulist.s3-us-west-1.amazonaws.com/waifus/408/ca31ef6da96919011a33ff79ed13af981620ab1b61896096b4bbe3a372da698e_thumb.jpeg"
    },

    "329": {
        "name": "Makoto Kikuchi",
        "origin": "The Idolm@ster",
        "image": "https://mywaifulist.s3-us-west-1.amazonaws.com/waifus/406/dd314d3b42bdb6610b41ef8f8071242f13240701e35f14b7c3c2f4c900929ee7_thumb.png"
    },

    "330": {
        "name": "Hibiki Ganaha",
        "origin": "The Idolm@ster",
        "image": "https://mywaifulist.s3-us-west-1.amazonaws.com/waifus/403/a77ca46a4ffa3fc58b1141e6638a65beb8b656c88514bda339e5a0ef25cbf61d_thumb.jpeg"
    },

    "331": {
        "name": "Takane Shijou",
        "origin": "The Idolm@ster",
        "image": "https://mywaifulist.s3-us-west-1.amazonaws.com/waifus/110/accde3689e47ef324dc458912adc40052605d0a9b9213eb1a78f266e509feb5b_thumb.jpeg"
    },

    "332": {
        "name": "Nakiri Erina",
        "origin": "Shokugeki no Soma",
        "image": "https://mywaifulist.s3-us-west-1.amazonaws.com/waifus/604/1ae8995bf416423533704b7f792d70f0178d9ef1cad0dbd3d41ef1c0ffe9a0d9_thumb.png"
    },

    "333": {
        "name": "Hanamaru Kunikida",
        "origin": "Love Live! School Idol Project",
        "image": "https://mywaifulist.s3-us-west-1.amazonaws.com/waifus/349/c6722ba74fefe1b293fa452e1358406590a2639a6a0f9fe66f0d354e6b5dfc2d_thumb.jpeg"
    },

    "334": {
        "name": "Umi Sonoda",
        "origin": "Love Live! School Idol Project",
        "image": "https://mywaifulist.s3-us-west-1.amazonaws.com/waifus/391/8d2bb9cb25c51b03abb97cdf72821e978bdf84616625987cbcd18ebb887373e5_thumb.jpeg"
    },

    "335": {
        "name": "Eli Ayase",
        "origin": "Love Live! School Idol Project",
        "image": "https://mywaifulist.s3-us-west-1.amazonaws.com/waifus/390/2165c0772ed1a5233c487f7259aa9f92a7e8c517074422e73157d55eedb1cbed_thumb.jpeg"
    },

    "336": {
        "name": "Rachnera Arachnera",
        "origin": "Monster Musume",
        "image": "https://mywaifulist.s3-us-west-1.amazonaws.com/waifus/1/f312d2256d48da0fcebe6bdb427d29d5b40e19faa9fb12a3632ad6330fec4530.jpeg"
    }
}